t_win,TO,TS
0,-0.242403765472265,13.5069444444417
