t_win,TO,TS,nPVCs
0,-5.87307661089698,12.5976562500001,16
