patID,t_win,NNmean,NNmedian,NNmode,NNvariance,NNskew,NNkurt,NNiqr,SDNN,RMSSD,pnn50,btsdet,avgsqi,tdflag,ulf,vlf,lf,hf,lfhf,ttlpwr,fdflag,ac,dc,SampEn,ApEn
TestICUdata,0,780.56066,781.25,781.25,0.081503735,245.47943,2658.5042,15.625,9.0279419,9.564043,0,374,0.9915493,5,41.241322,17.360564,1.142149,33.058757,0.03,92.802792,5,-2.9050683,3.7530637,1.3115421,1.1532882
