patID,t_win,NNmean,NNmedian,NNmode,NNvariance,NNskew,NNkurt,NNiqr,SDNN,RMSSD,pnn50,btsdet,avgsqi,tdflag,ulf,vlf,lf,hf,lfhf,ttlpwr,fdflag,ac,dc,SampEn,ApEn
TestICUdata,0,780.30563,781.25,781.25,0.080149638,270.40601,2722.4141,15.625,8.952633,9.5551307,0,364,,5,38.873883,18.044358,1.4353781,32.513373,0.04,90.866992,5,-3.0061141,3.7468112,1.3031374,1.1462374
