Scales,t_0
1,1.4785102877924
2,1.529429759174
3,1.3890029769286
4,1.47646405640858
5,1.29802601149123
6,1.12575854977384
7,0.966918795399999
8,0.977271943326056
9,1.01334253459829
10,0.960651337112334
11,0.87357511043017
12,0.822626401385635
13,0.800871207346673
14,0.806410703709793
15,0.841610900571261
16,0.895142242057231
17,0.954425589443755
18,1.024758673415
19,1.07640456922922
20,1.10472632189767
