Scales,t_0
1,1.4785102877924
2,1.529429759174
3,1.3890029769286
4,1.48435393587069
5,1.373890753643
6,1.12942511752559
7,1.045940865477
8,1.02599025924917
9,1.08267847338006
10,1.0180766588686
11,0.952072815877419
12,0.875461369885703
13,0.858032028352332
14,0.862280773116461
15,0.908415925977644
16,0.956955952306814
17,1.02732247471006
18,1.10039312266371
19,1.16598842073297
20,1.18522614630621
